#name,visible_epoch
100P,0
100P,1
100P,3
101P,0
101P,1
103P,0
103P,1
103P,2
103P,3
104P,0
105P,0
106P,0
106P,2
108P,0
108P,2
108P,3
108P,4
10P,0
10P,2
10P,3
10P,4
10P,5
10P,7
10P,8
10P,9
110P,0
110P,1
110P,2
110P,3
112P,0
113P,0
114P,0
115P,0
116P,1
116P,2
116P,3
116P,4
116P,5
117P,0
117P,1
117P,2
117P,3
117P,4
117P,6
117P,7
117P,8
117P,9
117P,10
117P,12
118P,0
118P,1
118P,2
118P,3
118P,4
119P,0
119P,1
11P,0
11P,2
123P,1
123P,2
124P,0
124P,1
124P,2
125P,0
126P,0
127P,2
12P,0
12P,1
130P,0
130P,1
130P,5
130P,8
132P,0
134P,0
134P,1
137P,0
137P,1
137P,2
141P,0
141P,1
142P,0
143P,0
143P,2
143P,3
144P,0
144P,4
145P,0
145P,1
145P,4
146P,0
149P,1
149P,3
14P,3
150P,1
150P,3
150P,9
155P,0
156P,0
156P,2
157P,0
158P,3
15P,0
15P,1
160P,0
162P,0
162P,1
162P,2
162P,3
162P,4
164P,0
164P,5
169P,0
169P,1
169P,2
170P,0
170P,1
170P,2
171P,0
171P,1
172P,6
178P,0
17P,0
17P,1
17P,2
17P,4
17P,16
180P,0
180P,1
182P,0
183P,8
184P,0
188P,8
189P,0
189P,1
190P,1
191P,0
193P,0
193P,1
193P,2
194P,0
195P,0
195P,1
199P,3
19P,0
19P,1
19P,2
19P,3
19P,9
201P,0
203P,0
204P,1
204P,2
204P,3
205P,0
207P,0
209P,0
209P,1
209P,2
209P,3
211P,0
211P,5
211P,9
213P,0
213P,7
213P,12
215P,0
215P,1
215P,2
217P,0
217P,1
218P,1
219P,0
21P,0
21P,1
21P,2
21P,3
220P,0
220P,2
221P,0
222P,3
223P,0
223P,1
225P,0
225P,1
225P,3
226P,0
226P,1
226P,2
226P,5
227P,2
227P,4
229P,1
22P,0
22P,1
22P,2
22P,4
22P,5
22P,7
230P,0
230P,1
230P,2
230P,3
232P,2
233P,0
234P,1
234P,3
235P,2
236P,0
236P,2
237P,1
237P,2
237P,3
237P,4
239P,0
239P,2
239P,3
240P,0
240P,2
240P,3
240P,4
240P,5
241P,0
241P,1
243P,1
243P,3
245P,0
246P,0
246P,1
246P,2
246P,3
246P,4
246P,5
246P,6
246P,7
247P,0
247P,2
247P,3
248P,0
248P,1
249P,0
24P,0
24P,2
250P,0
250P,2
251P,0
252P,0
252P,1
254P,0
254P,3
254P,4
254P,6
257P,0
257P,2
260P,0
260P,1
261P,0
263P,0
263P,1
266P,0
267P,0
269P,0
269P,1
274P,0
277P,0
278P,0
284P,0
284P,1
284P,2
284P,3
285P,0
287P,1
289P,0
289P,1
28P,0
28P,1
290P,0
292P,0
293P,1
293P,3
296P,0
296P,1
29P,0
29P,1
29P,2
29P,3
29P,4
29P,5
29P,6
29P,7
29P,8
29P,9
29P,10
29P,11
29P,13
29P,15
29P,16
29P,17
29P,18
29P,19
29P,20
2P,0
2P,1
2P,2
2P,3
2P,4
2P,5
300P,0
304P,0
304P,1
305P,0
306P,1
307P,0
309P,0
309P,1
30P,0
30P,1
312P,0
315P,0
315P,1
317P,1
317P,3
318P,0
318P,1
319P,0
319P,1
319P,3
319P,4
31P,3
320P,0
320P,2
324P,0
324P,1
324P,2
325P,0
327P,0
327P,1
327P,2
327P,8
328P,0
329P,0
329P,1
32P,0
32P,1
32P,3
333P,0
333P,1
333P,2
335P,0
337P,1
337P,2
338P,0
338P,5
33P,0
33P,2
341P,0
343P,1
346P,0
349P,1
350P,1
352P,0
352P,1
353P,0
353P,1
354P,2
355P,0
356P,2
360P,0
361P,0
361P,1
363P,0
364P,0
364P,1
364P,2
364P,3
364P,4
364P,6
365P,0
365P,1
368P,0
368P,1
369P,0
369P,1
369P,2
373P,0
375P,0
376P,0
37P,0
37P,2
382P,0
382P,1
382P,2
382P,3
385P,1
387P,0
389P,0
38P,0
38P,1
392P,0
397P,0
398P,0
398P,1
398P,2
400P,0
405P,0
405P,2
405P,3
405P,5
407P,0
407P,1
408P,0
408P,1
409P,0
409P,1
40P,0
412P,0
412P,5
413P,0
413P,1
413P,2
414P,0
417P,2
418P,0
418P,1
41P,0
422P,0
424P,1
42P,0
430P,0
430P,2
431P,0
431P,1
431P,2
431P,8
439P,0
43P,0
43P,1
43P,2
440P,0
444P,0
444P,1
444P,2
446P,0
448P,1
44P,0
44P,1
44P,3
44P,4
44P,5
453P,1
459P,1
459P,2
459P,3
459P,5
45P,2
460P,0
460P,1
461P,0
461P,1
461P,2
461P,4
463P,0
463P,1
467P,0
46P,0
471P,0
471P,1
473P,0
477P,0
47P,0
47P,1
47P,3
482P,0
48P,0
48P,1
48P,4
49P,0
49P,2
49P,3
49P,6
4P,0
4P,2
4P,3
4P,4
50P,0
51P,1
51P,2
52P,0
52P,1
53P,0
53P,1
53P,2
56P,0
56P,1
57P,0
57P,1
58P,0
59P,0
60P,1
60P,2
61P,0
61P,2
61P,4
61P,12
62P,0
62P,2
64P,0
64P,3
65P,0
65P,2
65P,3
65P,4
65P,5
65P,6
65P,7
66P,0
66P,1
66P,2
67P,0
67P,1
67P,2
67P,3
67P,4
67P,6
67P,9
68P,0
68P,3
6P,1
6P,2
6P,5
70P,0
70P,1
70P,2
70P,3
71P,0
71P,1
71P,2
73P,0
73P,1
74P,0
74P,1
74P,3
74P,4
74P,5
74P,6
74P,8
76P,0
77P,0
77P,1
77P,2
77P,3
77P,4
78P,0
78P,1
78P,3
7P,0
7P,1
7P,3
7P,8
80P,0
80P,1
81P,0
81P,1
81P,2
81P,3
81P,5
84P,0
87P,0
88P,0
88P,1
88P,3
88P,4
88P,6
89P,4
8P,0
90P,0
93P,0
94P,0
94P,1
94P,2
96P,0
96P,1
97P,0
99P,0
9P,1
9P,2
9P,3
9P,4
9P,5
C/2002 VQ94,0
C/2005 L3,0
C/2005 L3,1
C/2006 OF2,0
C/2006 Q1,0
C/2006 S3,0
C/2006 S3,1
C/2006 S3,2
C/2006 S3,3
C/2006 S3,4
C/2006 U6,0
C/2006 U6,1
C/2006 W3,0
C/2006 W3,1
C/2007 B2,0
C/2007 D1,0
C/2007 D1,1
C/2007 G1,0
C/2007 K1,0
C/2007 M1,0
C/2007 M1,1
C/2007 M2,0
C/2007 N3,0
C/2007 Q3,0
C/2007 Q3,1
C/2007 S2,0
C/2007 S2,1
C/2007 VO53,0
C/2008 A1,0
C/2008 E1,0
C/2008 E3,0
C/2008 E3,1
C/2008 FK75,0
C/2008 FK75,1
C/2008 N1,0
C/2008 N1,1
C/2008 Q1,0
C/2008 Q1,1
C/2008 Q3,0
C/2008 Q3,1
C/2008 S3,1
C/2008 T2,0
C/2009 F2,0
C/2009 F2,1
C/2009 F4,0
C/2009 F4,1
C/2009 F4,2
C/2009 F5,0
C/2009 F5,1
C/2009 F6,0
C/2009 G1,0
C/2009 K2,0
C/2009 K5,0
C/2009 P1,0
C/2009 P1,1
C/2009 T1,0
C/2009 T3,0
C/2009 U3,0
C/2009 U5,0
C/2009 UG89,1
C/2009 Y1,0
C/2010 A4,0
C/2010 B1,0
C/2010 B1,1
C/2010 D3,0
C/2010 D3,1
C/2010 D4,0
C/2010 D4,1
C/2010 DG56,0
C/2010 DG56,1
C/2010 E1,0
C/2010 F1,0
C/2010 F3,0
C/2010 FB87,0
C/2010 FB87,1
C/2010 FB87,3
C/2010 G2,0
C/2010 G2,1
C/2010 G3,0
C/2010 G3,1
C/2010 H1,0
C/2010 J1,0
C/2010 J1,1
C/2010 J2,0
C/2010 J4,0
C/2010 J4,1
C/2010 KW7,1
C/2010 KW7,2
C/2010 L4,0
C/2010 L5,0
C/2010 L5,1
C/2010 S1,0
C/2010 U3,0
C/2010 U3,1
C/2010 U3,3
C/2010 U3,5
C/2011 J2,0
C/2011 J2,1
C/2011 J2,2
C/2011 J3,0
C/2011 KP36,0
C/2011 KP36,1
C/2011 KP36,2
C/2011 KP36,3
C/2011 KP36,4
C/2011 KP36,5
C/2011 KP36,6
C/2011 KP36,7
C/2011 KP36,8
C/2011 L4,0
C/2011 Q1,1
C/2012 F3,0
C/2012 F3,1
C/2012 F3,2
C/2012 F3,3
C/2012 F3,4
C/2012 K1,0
C/2012 K1,1
C/2012 K1,2
C/2012 K1,3
C/2012 K1,4
C/2012 K1,5
C/2012 K6,0
C/2012 K6,1
C/2012 K8,0
C/2012 K8,1
C/2012 L1,0
C/2012 V2,0
C/2012 X1,0
C/2012 X1,1
C/2013 A1,0
C/2013 A1,1
C/2013 A1,2
C/2013 A1,3
C/2013 A1,4
C/2013 B2,0
C/2013 E2,0
C/2013 G3,0
C/2013 G6,0
C/2013 N4,0
C/2013 P4,1
C/2013 PE67,0
C/2013 R1,0
C/2013 R1,1
C/2013 TW5,1
C/2013 TW5,2
C/2013 UQ4,0
C/2013 UQ4,1
C/2013 UQ4,2
C/2013 UQ4,3
C/2013 US10,0
C/2013 US10,1
C/2013 US10,2
C/2013 US10,3
C/2013 US10,4
C/2013 US10,5
C/2013 US10,7
C/2013 V1,0
C/2013 V2,0
C/2013 V2,1
C/2013 V2,2
C/2013 V4,0
C/2013 V4,1
C/2013 V4,2
C/2013 V4,3
C/2013 V4,4
C/2013 V4,5
C/2013 V5,1
C/2013 X1,0
C/2013 X1,1
C/2013 X1,2
C/2013 X1,3
C/2013 X1,4
C/2013 X1,5
C/2013 Y2,0
C/2014 A4,0
C/2014 A4,1
C/2014 A4,2
C/2014 A4,3
C/2014 A4,4
C/2014 AA52,0
C/2014 AA52,1
C/2014 B1,0
C/2014 B1,1
C/2014 B1,2
C/2014 B1,4
C/2014 C3,0
C/2014 E2,0
C/2014 E2,1
C/2014 E2,2
C/2014 J1,0
C/2014 N2,0
C/2014 N2,1
C/2014 N3,0
C/2014 N3,1
C/2014 N3,2
C/2014 N3,3
C/2014 OE4,0
C/2014 OE4,1
C/2014 OE4,3
C/2014 Q1,0
C/2014 Q2,0
C/2014 Q2,1
C/2014 Q2,2
C/2014 Q2,3
C/2014 Q3,0
C/2014 Q3,1
C/2014 Q3,2
C/2014 R1,0
C/2014 R3,0
C/2014 R3,1
C/2014 R3,2
C/2014 R3,3
C/2014 R4,1
C/2014 S2,0
C/2014 S2,1
C/2014 S2,2
C/2014 S2,3
C/2014 W11,0
C/2014 W11,3
C/2014 W2,0
C/2014 W2,1
C/2014 W2,3
C/2014 W5,0
C/2014 W5,1
C/2014 W9,1
C/2014 Y1,0
C/2015 A1,0
C/2015 B2,0
C/2015 B2,1
C/2015 B2,2
C/2015 B2,3
C/2015 ER61,0
C/2015 ER61,1
C/2015 ER61,2
C/2015 F2,0
C/2015 F4,0
C/2015 F4,1
C/2015 G2,0
C/2015 GX,0
C/2015 GX,1
C/2015 GX,2
C/2015 GX,3
C/2015 H1,0
C/2015 H1,1
C/2015 K1,0
C/2015 K1,1
C/2015 K1,2
C/2015 K4,0
C/2015 O1,0
C/2015 O1,1
C/2015 O1,2
C/2015 O1,3
C/2015 O1,5
C/2015 R1,0
C/2015 T4,0
C/2015 TQ209,1
C/2015 V1,0
C/2015 V1,1
C/2015 V1,2
C/2015 V1,3
C/2015 V1,4
C/2015 V1,5
C/2015 V2,0
C/2015 V2,1
C/2015 V2,2
C/2015 V2,3
C/2015 V2,4
C/2015 V2,5
C/2015 V3,0
C/2015 VL62,0
C/2015 VL62,1
C/2015 VL62,3
C/2015 W1,0
C/2015 W1,1
C/2015 WZ,0
C/2015 WZ,1
C/2015 WZ,2
C/2015 X2,1
C/2015 X4,0
C/2015 X4,1
C/2015 X7,1
C/2015 X8,0
C/2015 X8,2
C/2015 Y1,0
C/2015 YG1,0
C/2016 A1,0
C/2016 A1,1
C/2016 A1,2
C/2016 A8,0
C/2016 A8,1
C/2016 B1,0
C/2016 B1,1
C/2016 B1,2
C/2016 B1,3
C/2016 C2,0
C/2016 J2,0
C/2016 J2,1
C/2016 J2,2
C/2016 K1,0
C/2016 M1,0
C/2016 M1,1
C/2016 M1,2
C/2016 M1,3
C/2016 M1,4
C/2016 M1,5
C/2016 N4,0
C/2016 N4,1
C/2016 N4,2
C/2016 N4,4
C/2016 N6,0
C/2016 N6,1
C/2016 N6,2
C/2016 N6,3
C/2016 N6,4
C/2016 N6,5
C/2016 N6,6
C/2016 R2,0
C/2016 R2,1
C/2016 R2,2
C/2016 R2,3
C/2016 R2,4
C/2016 R2,5
C/2016 T2,0
C/2016 T2,1
C/2016 T3,0
C/2016 U1,0
C/2016 U1,1
C/2016 VZ18,0
C/2016 VZ18,1
C/2017 A1,0
C/2017 B3,0
C/2017 B3,2
C/2017 B3,4
C/2017 B3,6
C/2017 C1,0
C/2017 D2,0
C/2017 D2,1
C/2017 E3,0
C/2017 E3,2
C/2017 E5,0
C/2017 E5,1
C/2017 K2,0
C/2017 K2,1
C/2017 K2,2
C/2017 K2,3
C/2017 K2,4
C/2017 K2,5
C/2017 K2,6
C/2017 K2,7
C/2017 K4,0
C/2017 K6,0
C/2017 K6,1
C/2017 M4,0
C/2017 M4,1
C/2017 M4,2
C/2017 M4,3
C/2017 M4,4
C/2017 O1,1
C/2017 O1,2
C/2017 S6,0
C/2017 S6,2
C/2017 T1,0
C/2017 T1,2
C/2017 T2,0
C/2017 T2,1
C/2017 T2,5
C/2017 T3,0
C/2017 U7,0
C/2017 U7,1
C/2017 U7,2
C/2017 Y2,0
C/2018 A3,0
C/2018 A3,1
C/2018 A3,3
C/2018 A6,0
C/2018 A6,1
C/2018 A6,2
C/2018 C2,0
C/2018 DO4,0
C/2018 DO4,1
C/2018 EN4,0
C/2018 F4,0
C/2018 F4,1
C/2018 F4,2
C/2018 F4,3
C/2018 K1,0
C/2018 K1,1
C/2018 L2,0
C/2018 L2,1
C/2018 M1,0
C/2018 N1,0
C/2018 N1,1
C/2018 N2,0
C/2018 N2,1
C/2018 N2,2
C/2018 N2,3
C/2018 N2,4
C/2018 N2,5
C/2018 O1,0
C/2018 R4,0
C/2018 U1,0
C/2018 U1,4
C/2018 W1,0
C/2018 W2,0
C/2018 W2,1
C/2018 W2,2
C/2018 W2,3
C/2018 Y1,0
C/2018 Y1,1
C/2019 B1,0
C/2019 B1,1
C/2019 C1,1
C/2019 D1,0
C/2019 E3,0
C/2019 E3,1
C/2019 E3,3
C/2019 F1,0
C/2019 F1,2
C/2019 F1,3
C/2019 F1,4
C/2019 H1,0
C/2019 H1,1
C/2019 J1,0
C/2019 J3,0
C/2019 J3,1
C/2019 JU6,0
C/2019 K1,0
C/2019 K4,0
C/2019 K5,0
C/2019 K5,1
C/2019 K7,0
C/2019 K7,1
C/2019 K7,2
C/2019 K7,3
C/2019 K7,4
C/2019 K7,5
C/2019 K7,6
C/2019 L3,0
C/2019 L3,1
C/2019 L3,2
C/2019 L3,3
C/2019 L3,4
C/2019 L3,5
C/2019 M3,0
C/2019 N1,0
C/2019 N1,1
C/2019 O3,2
C/2019 Q4,0
C/2019 T2,0
C/2019 T2,2
C/2019 T3,1
C/2019 T4,1
C/2019 T4,2
C/2019 T4,3
C/2019 T4,4
C/2019 T4,5
C/2019 T4,6
C/2019 T5,0
C/2019 U5,0
C/2019 U5,1
C/2019 U5,2
C/2019 U5,3
C/2019 U5,4
C/2019 U5,5
C/2019 U6,0
C/2019 Y1,0
C/2019 Y4,0
C/2020 F3,0
C/2020 F5,0
C/2020 F5,1
C/2020 F5,2
C/2020 F5,4
C/2020 H3,0
C/2020 H6,0
C/2020 H6,1
C/2020 H6,3
C/2020 H6,4
C/2020 J1,0
C/2020 J1,1
C/2020 J1,2
C/2020 J1,3
C/2020 J1,4
C/2020 J1,5
C/2020 K1,0
C/2020 K1,1
C/2020 K1,2
C/2020 K1,3
C/2020 K1,4
C/2020 K1,5
C/2020 K3,0
C/2020 K3,1
C/2020 K4,0
C/2020 M3,0
C/2020 M3,1
C/2020 M5,0
C/2020 M5,1
C/2020 N1,0
C/2020 O2,0
C/2020 P1,0
C/2020 PV6,0
C/2020 PV6,1
C/2020 PV6,2
C/2020 Q1,0
C/2020 R4,0
C/2020 R4,1
C/2020 R4,2
C/2020 R7,1
C/2020 R7,2
C/2020 R7,3
C/2020 R7,4
C/2020 R7,5
C/2020 S2,0
C/2020 S3,0
C/2020 S4,0
C/2020 S4,2
C/2020 S8,0
C/2020 S8,1
C/2020 T2,0
C/2020 T2,1
C/2020 T2,2
C/2020 U5,1
C/2020 V2,0
C/2020 V2,1
C/2020 V2,2
C/2020 V2,3
C/2020 V2,4
C/2020 V2,5
C/2020 V2,7
C/2020 Y2,0
C/2020 Y2,1
C/2020 Y2,3
C/2020 Y2,4
C/2020 Y2,5
C/2020 Y3,0
C/2021 A1,2
C/2021 A10,0
C/2021 A10,1
C/2021 A2,0
C/2021 A2,1
C/2021 A4,0
C/2021 A4,1
C/2021 A7,0
C/2021 A7,1
C/2021 B3,0
C/2021 B3,1
C/2021 D2,1
C/2021 E3,0
C/2021 E3,1
C/2021 E3,2
C/2021 E3,3
C/2021 E3,4
C/2021 F1,0
C/2021 F1,1
C/2021 G2,0
C/2021 G2,1
C/2021 J1,0
C/2021 K1,0
C/2021 K1,1
C/2021 O3,0
C/2021 P4,0
C/2021 QM45,0
C/2021 S3,0
C/2021 S3,1
C/2021 T4,0
C/2021 T4,1
C/2021 T4,2
C/2021 U4,0
C/2021 U5,0
C/2021 U5,1
C/2021 X1,0
C/2021 X1,1
C/2021 X1,2
C/2021 X1,3
C/2021 X1,4
C/2021 Y1,0
C/2021 Y1,1
C/2022 A1,0
C/2022 A2,0
C/2022 A2,1
C/2022 A2,2
C/2022 A3,0
C/2022 E2,0
C/2022 E2,1
C/2022 E2,2
C/2022 E3,0
C/2022 E3,1
C/2022 E3,2
C/2022 E3,3
C/2022 E3,4
C/2022 F2,0
C/2022 F2,1
C/2022 J1,0
C/2022 J2,0
C/2022 J2,1
C/2022 JK5,0
C/2022 JK5,1
C/2022 L1,0
C/2022 L1,1
C/2022 L2,0
C/2022 L2,1
C/2022 L2,2
C/2022 L2,3
C/2022 N1,0
C/2022 P1,0
C/2022 P1,1
C/2022 P1,2
C/2022 P1,3
C/2022 P3,0
C/2022 S3,0
C/2022 U2,0
C/2022 U4,0
C/2022 W3,0
C/2022 W3,1
C/2022 W3,2
C/2023 A1,0
C/2023 A1,1
C/2023 A2,0
C/2023 A3,0
C/2023 B2,1
C/2023 E1,0
C/2023 E1,1
C/2023 E1,2
C/2023 F1,0
C/2023 K1,0
C/2023 K1,1
C/2023 S3,0
P/2005 XR132,0
P/2006 HR30,0
P/2008 Y3,0
P/2008 Y3,1
P/2009 O3,0
P/2009 T2,0
P/2009 WX51,0
P/2009 Y2,0
P/2010 A3,0
P/2010 C1,0
P/2010 D2,0
P/2010 E2,0
P/2010 H2,0
P/2010 H2,1
P/2010 J3,0
P/2010 J3,1
P/2010 JC81,0
P/2010 JC81,1
P/2010 U1,0
P/2010 WK,0
P/2011 P1,0
P/2012 B1,0
P/2012 B1,1
P/2013 W1,0
P/2013 W1,1
P/2014 L2,0
P/2014 L2,1
P/2014 X1,0
P/2014 X1,2
P/2015 A3,0
P/2015 Q2,0
P/2015 Q2,1
P/2015 TP200,0
P/2015 TP200,1
P/2016 WM48,0
P/2017 Y3,0
P/2018 L1,0
P/2018 L5,0
P/2019 B2,0
P/2020 T3,0
P/2020 U2,0
P/2020 V4,1
P/2021 HS,0
P/2021 HS,1
P/2021 N2,0
P/2021 N2,1
P/2021 N2,2
P/2021 PE20,0
P/2021 U3,0
P/2022 L3,0
P/2022 L3,1
P/2022 O2,0